"tier_list_id","login_id","template_id","title","description","is_public"
"1","user1","2","크리스티아누 호날두의 SF 입문 명작","","N"
"2","user1","3","크리스티아누 호날두의 판타지 세계관 명작","","N"
"3","user1","5","크리스티아누 호날두의 마음을 움직인 인생책","","N"
"4","user1","6","크리스티아누 호날두의 지적 호기심을 채운 책","","N"
"5","user1","7","크리스티아누 호날두의 히가시노 게이고 컬렉션","","N"
"6","user2","2","리오넬 메시의 SF 입문 명작","","N"
"7","user2","3","리오넬 메시의 판타지 세계관 명작","","N"
"8","user2","4","리오넬 메시의 추리 미스터리 추천작","","N"
"9","user2","6","리오넬 메시의 지적 호기심을 채운 책","","N"
"10","user2","7","리오넬 메시의 히가시노 게이고 컬렉션","","N"
"11","user3","1","모하메드 살라의 해리 포터 시리즈","","N"
"12","user3","3","모하메드 살라의 판타지 세계관 명작","","N"
"13","user3","4","모하메드 살라의 추리 미스터리 추천작","","N"
"14","user3","6","모하메드 살라의 지적 호기심을 채운 책","","N"
"15","user3","7","모하메드 살라의 히가시노 게이고 컬렉션","","N"
"16","user4","1","손흥민의 해리 포터 시리즈","","N"
"17","user4","3","손흥민의 판타지 세계관 명작","","N"
"18","user4","4","손흥민의 추리 미스터리 추천작","","N"
"19","user4","6","손흥민의 지적 호기심을 채운 책","","N"
"20","user4","7","손흥민의 히가시노 게이고 컬렉션","","N"
"21","user4","8","손흥민의 박경리 컬렉션","","N"
"22","user5","1","케빈 더브라위너의 해리 포터 시리즈","","N"
"23","user5","3","케빈 더브라위너의 판타지 세계관 명작","","N"
"24","user5","4","케빈 더브라위너의 추리 미스터리 추천작","","N"
"25","user5","5","케빈 더브라위너의 마음을 움직인 인생책","","N"
"26","user5","7","케빈 더브라위너의 히가시노 게이고 컬렉션","","N"
"27","user5","8","케빈 더브라위너의 박경리 컬렉션","","N"
"28","user6","1","해리 케인의 해리 포터 시리즈","","N"
"29","user6","2","해리 케인의 SF 입문 명작","","N"
"30","user6","4","해리 케인의 추리 미스터리 추천작","","N"
"31","user6","5","해리 케인의 마음을 움직인 인생책","","N"
"32","user6","7","해리 케인의 히가시노 게이고 컬렉션","","N"
"33","user6","8","해리 케인의 박경리 컬렉션","","N"
"34","user7","1","세르히오 아구에로의 해리 포터 시리즈","","N"
"35","user7","2","세르히오 아구에로의 SF 입문 명작","","N"
"36","user7","4","세르히오 아구에로의 추리 미스터리 추천작","","N"
"37","user7","5","세르히오 아구에로의 마음을 움직인 인생책","","N"
"38","user7","7","세르히오 아구에로의 히가시노 게이고 컬렉션","","N"
"39","user7","8","세르히오 아구에로의 박경리 컬렉션","","N"
"40","user8","1","에덴 아자르의 해리 포터 시리즈","","N"
"41","user8","2","에덴 아자르의 SF 입문 명작","","N"
"42","user8","4","에덴 아자르의 추리 미스터리 추천작","","N"
"43","user8","5","에덴 아자르의 마음을 움직인 인생책","","N"
"44","user8","6","에덴 아자르의 지적 호기심을 채운 책","","N"
"45","user8","8","에덴 아자르의 박경리 컬렉션","","N"
"46","user9","1","웨인 루니의 해리 포터 시리즈","","N"
"47","user9","2","웨인 루니의 SF 입문 명작","","N"
"48","user9","3","웨인 루니의 판타지 세계관 명작","","N"
"49","user9","5","웨인 루니의 마음을 움직인 인생책","","N"
"50","user9","6","웨인 루니의 지적 호기심을 채운 책","","N"
"51","user9","8","웨인 루니의 박경리 컬렉션","","N"
"52","user10","2","엘링 홀란의 SF 입문 명작","","N"
"53","user10","3","엘링 홀란의 판타지 세계관 명작","","N"
"54","user10","5","엘링 홀란의 마음을 움직인 인생책","","N"
"55","user10","6","엘링 홀란의 지적 호기심을 채운 책","","N"
"56","user10","8","엘링 홀란의 박경리 컬렉션","","N"
"57","user11","2","버질 반다이크의 SF 입문 명작","","N"
"58","user11","3","버질 반다이크의 판타지 세계관 명작","","N"
"59","user11","5","버질 반다이크의 마음을 움직인 인생책","","N"
"60","user11","6","버질 반다이크의 지적 호기심을 채운 책","","N"
"61","user11","7","버질 반다이크의 히가시노 게이고 컬렉션","","N"
"62","user12","2","사디오 마네의 SF 입문 명작","","N"
"63","user12","3","사디오 마네의 판타지 세계관 명작","","N"
"64","user12","4","사디오 마네의 추리 미스터리 추천작","","N"
"65","user12","6","사디오 마네의 지적 호기심을 채운 책","","N"
"66","user12","7","사디오 마네의 히가시노 게이고 컬렉션","","N"
"67","user13","1","리야드 마레즈의 해리 포터 시리즈","","N"
"68","user13","3","리야드 마레즈의 판타지 세계관 명작","","N"
"69","user13","4","리야드 마레즈의 추리 미스터리 추천작","","N"
"70","user13","6","리야드 마레즈의 지적 호기심을 채운 책","","N"
"71","user13","7","리야드 마레즈의 히가시노 게이고 컬렉션","","N"
"72","user14","1","제이미 바디의 해리 포터 시리즈","","N"
"73","user14","3","제이미 바디의 판타지 세계관 명작","","N"
"74","user14","4","제이미 바디의 추리 미스터리 추천작","","N"
"75","user14","6","제이미 바디의 지적 호기심을 채운 책","","N"
"76","user14","7","제이미 바디의 히가시노 게이고 컬렉션","","N"
"77","user14","8","제이미 바디의 박경리 컬렉션","","N"
"78","user15","1","은골로 캉테의 해리 포터 시리즈","","N"
"79","user15","3","은골로 캉테의 판타지 세계관 명작","","N"
"80","user15","4","은골로 캉테의 추리 미스터리 추천작","","N"
"81","user15","5","은골로 캉테의 마음을 움직인 인생책","","N"
"82","user15","7","은골로 캉테의 히가시노 게이고 컬렉션","","N"
"83","user15","8","은골로 캉테의 박경리 컬렉션","","N"
"84","user16","1","다비드 실바의 해리 포터 시리즈","","N"
"85","user16","2","다비드 실바의 SF 입문 명작","","N"
"86","user16","4","다비드 실바의 추리 미스터리 추천작","","N"
"87","user16","5","다비드 실바의 마음을 움직인 인생책","","N"
"88","user16","7","다비드 실바의 히가시노 게이고 컬렉션","","N"
"89","user16","8","다비드 실바의 박경리 컬렉션","","N"
"90","user17","1","야야 투레의 해리 포터 시리즈","","N"
"91","user17","2","야야 투레의 SF 입문 명작","","N"
"92","user17","4","야야 투레의 추리 미스터리 추천작","","N"
"93","user17","5","야야 투레의 마음을 움직인 인생책","","N"
"94","user17","7","야야 투레의 히가시노 게이고 컬렉션","","N"
"95","user17","8","야야 투레의 박경리 컬렉션","","N"
"96","user18","1","세스크 파브레가스의 해리 포터 시리즈","","N"
"97","user18","2","세스크 파브레가스의 SF 입문 명작","","N"
"98","user18","4","세스크 파브레가스의 추리 미스터리 추천작","","N"
"99","user18","5","세스크 파브레가스의 마음을 움직인 인생책","","N"
"100","user18","6","세스크 파브레가스의 지적 호기심을 채운 책","","N"
"101","user18","8","세스크 파브레가스의 박경리 컬렉션","","N"
"102","user19","1","로빈 반페르시의 해리 포터 시리즈","","N"
"103","user19","2","로빈 반페르시의 SF 입문 명작","","N"
"104","user19","3","로빈 반페르시의 판타지 세계관 명작","","N"
"105","user19","5","로빈 반페르시의 마음을 움직인 인생책","","N"
"106","user19","6","로빈 반페르시의 지적 호기심을 채운 책","","N"
"107","user19","8","로빈 반페르시의 박경리 컬렉션","","N"
"108","user20","2","가레스 베일의 SF 입문 명작","","N"
"109","user20","3","가레스 베일의 판타지 세계관 명작","","N"
"110","user20","5","가레스 베일의 마음을 움직인 인생책","","N"
"111","user20","6","가레스 베일의 지적 호기심을 채운 책","","N"
"112","user20","8","가레스 베일의 박경리 컬렉션","","N"
"113","user21","2","루이스 수아레스의 SF 입문 명작","","N"
"114","user21","3","루이스 수아레스의 판타지 세계관 명작","","N"
"115","user21","5","루이스 수아레스의 마음을 움직인 인생책","","N"
"116","user21","6","루이스 수아레스의 지적 호기심을 채운 책","","N"
"117","user21","7","루이스 수아레스의 히가시노 게이고 컬렉션","","N"
"118","user22","2","디디에 드로그바의 SF 입문 명작","","N"
"119","user22","3","디디에 드로그바의 판타지 세계관 명작","","N"
"120","user22","4","디디에 드로그바의 추리 미스터리 추천작","","N"
"121","user22","6","디디에 드로그바의 지적 호기심을 채운 책","","N"
"122","user22","7","디디에 드로그바의 히가시노 게이고 컬렉션","","N"
"123","user23","1","프랭크 램파드의 해리 포터 시리즈","","N"
"124","user23","3","프랭크 램파드의 판타지 세계관 명작","","N"
"125","user23","4","프랭크 램파드의 추리 미스터리 추천작","","N"
"126","user23","6","프랭크 램파드의 지적 호기심을 채운 책","","N"
"127","user23","7","프랭크 램파드의 히가시노 게이고 컬렉션","","N"
"128","user24","1","스티븐 제라드의 해리 포터 시리즈","","N"
"129","user24","3","스티븐 제라드의 판타지 세계관 명작","","N"
"130","user24","4","스티븐 제라드의 추리 미스터리 추천작","","N"
"131","user24","6","스티븐 제라드의 지적 호기심을 채운 책","","N"
"132","user24","7","스티븐 제라드의 히가시노 게이고 컬렉션","","N"
"133","user24","8","스티븐 제라드의 박경리 컬렉션","","N"
"134","user25","1","존 테리의 해리 포터 시리즈","","N"
"135","user25","3","존 테리의 판타지 세계관 명작","","N"
"136","user25","4","존 테리의 추리 미스터리 추천작","","N"
"137","user25","5","존 테리의 마음을 움직인 인생책","","N"
"138","user25","7","존 테리의 히가시노 게이고 컬렉션","","N"
"139","user25","8","존 테리의 박경리 컬렉션","","N"
"140","user26","1","리오 퍼디난드의 해리 포터 시리즈","","N"
"141","user26","2","리오 퍼디난드의 SF 입문 명작","","N"
"142","user26","4","리오 퍼디난드의 추리 미스터리 추천작","","N"
"143","user26","5","리오 퍼디난드의 마음을 움직인 인생책","","N"
"144","user26","7","리오 퍼디난드의 히가시노 게이고 컬렉션","","N"
"145","user26","8","리오 퍼디난드의 박경리 컬렉션","","N"
"146","user27","1","페트르 체흐의 해리 포터 시리즈","","N"
"147","user27","2","페트르 체흐의 SF 입문 명작","","N"
"148","user27","4","페트르 체흐의 추리 미스터리 추천작","","N"
"149","user27","5","페트르 체흐의 마음을 움직인 인생책","","N"
"150","user27","7","페트르 체흐의 히가시노 게이고 컬렉션","","N"
"151","user27","8","페트르 체흐의 박경리 컬렉션","","N"
"152","user28","1","다비드 데헤아의 해리 포터 시리즈","","N"
"153","user28","2","다비드 데헤아의 SF 입문 명작","","N"
"154","user28","4","다비드 데헤아의 추리 미스터리 추천작","","N"
"155","user28","5","다비드 데헤아의 마음을 움직인 인생책","","N"
"156","user28","6","다비드 데헤아의 지적 호기심을 채운 책","","N"
"157","user28","8","다비드 데헤아의 박경리 컬렉션","","N"
"158","user29","1","알리송 베케르의 해리 포터 시리즈","","N"
"159","user29","2","알리송 베케르의 SF 입문 명작","","N"
"160","user29","3","알리송 베케르의 판타지 세계관 명작","","N"
"161","user29","5","알리송 베케르의 마음을 움직인 인생책","","N"
"162","user29","6","알리송 베케르의 지적 호기심을 채운 책","","N"
"163","user29","8","알리송 베케르의 박경리 컬렉션","","N"
"164","user30","2","에데르송 모라이스의 SF 입문 명작","","N"
"165","user30","3","에데르송 모라이스의 판타지 세계관 명작","","N"
"166","user30","5","에데르송 모라이스의 마음을 움직인 인생책","","N"
"167","user30","6","에데르송 모라이스의 지적 호기심을 채운 책","","N"
"168","user30","8","에데르송 모라이스의 박경리 컬렉션","","N"
"169","user31","2","티보 쿠르투아의 SF 입문 명작","","N"
"170","user31","3","티보 쿠르투아의 판타지 세계관 명작","","N"
"171","user31","5","티보 쿠르투아의 마음을 움직인 인생책","","N"
"172","user31","6","티보 쿠르투아의 지적 호기심을 채운 책","","N"
"173","user31","7","티보 쿠르투아의 히가시노 게이고 컬렉션","","N"
"174","user32","2","브루노 페르난데스의 SF 입문 명작","","N"
"175","user32","3","브루노 페르난데스의 판타지 세계관 명작","","N"
"176","user32","4","브루노 페르난데스의 추리 미스터리 추천작","","N"
"177","user32","6","브루노 페르난데스의 지적 호기심을 채운 책","","N"
"178","user32","7","브루노 페르난데스의 히가시노 게이고 컬렉션","","N"
"179","user33","1","베르나르두 실바의 해리 포터 시리즈","","N"
"180","user33","3","베르나르두 실바의 판타지 세계관 명작","","N"
"181","user33","4","베르나르두 실바의 추리 미스터리 추천작","","N"
"182","user33","6","베르나르두 실바의 지적 호기심을 채운 책","","N"
"183","user33","7","베르나르두 실바의 히가시노 게이고 컬렉션","","N"
"184","user34","1","로드리의 해리 포터 시리즈","","N"
"185","user34","3","로드리의 판타지 세계관 명작","","N"
"186","user34","4","로드리의 추리 미스터리 추천작","","N"
"187","user34","6","로드리의 지적 호기심을 채운 책","","N"
"188","user34","7","로드리의 히가시노 게이고 컬렉션","","N"
"189","user34","8","로드리의 박경리 컬렉션","","N"
"190","user35","1","필 포든의 해리 포터 시리즈","","N"
"191","user35","3","필 포든의 판타지 세계관 명작","","N"
"192","user35","4","필 포든의 추리 미스터리 추천작","","N"
"193","user35","5","필 포든의 마음을 움직인 인생책","","N"
"194","user35","7","필 포든의 히가시노 게이고 컬렉션","","N"
"195","user35","8","필 포든의 박경리 컬렉션","","N"
"196","user36","1","부카요 사카의 해리 포터 시리즈","","N"
"197","user36","2","부카요 사카의 SF 입문 명작","","N"
"198","user36","4","부카요 사카의 추리 미스터리 추천작","","N"
"199","user36","5","부카요 사카의 마음을 움직인 인생책","","N"
"200","user36","7","부카요 사카의 히가시노 게이고 컬렉션","","N"
"201","user36","8","부카요 사카의 박경리 컬렉션","","N"
"202","user37","1","콜 파머의 해리 포터 시리즈","","N"
"203","user37","2","콜 파머의 SF 입문 명작","","N"
"204","user37","4","콜 파머의 추리 미스터리 추천작","","N"
"205","user37","5","콜 파머의 마음을 움직인 인생책","","N"
"206","user37","7","콜 파머의 히가시노 게이고 컬렉션","","N"
"207","user37","8","콜 파머의 박경리 컬렉션","","N"
"208","user38","1","데클런 라이스의 해리 포터 시리즈","","N"
"209","user38","2","데클런 라이스의 SF 입문 명작","","N"
"210","user38","4","데클런 라이스의 추리 미스터리 추천작","","N"
"211","user38","5","데클런 라이스의 마음을 움직인 인생책","","N"
"212","user38","6","데클런 라이스의 지적 호기심을 채운 책","","N"
"213","user38","8","데클런 라이스의 박경리 컬렉션","","N"
"214","user39","1","마르틴 외데고르의 해리 포터 시리즈","","N"
"215","user39","2","마르틴 외데고르의 SF 입문 명작","","N"
"216","user39","3","마르틴 외데고르의 판타지 세계관 명작","","N"
"217","user39","5","마르틴 외데고르의 마음을 움직인 인생책","","N"
"218","user39","6","마르틴 외데고르의 지적 호기심을 채운 책","","N"
"219","user39","8","마르틴 외데고르의 박경리 컬렉션","","N"
"220","user40","2","라힘 스털링의 SF 입문 명작","","N"
"221","user40","3","라힘 스털링의 판타지 세계관 명작","","N"
"222","user40","5","라힘 스털링의 마음을 움직인 인생책","","N"
"223","user40","6","라힘 스털링의 지적 호기심을 채운 책","","N"
"224","user40","8","라힘 스털링의 박경리 컬렉션","","N"
"225","user41","2","마커스 래시퍼드의 SF 입문 명작","","N"
"226","user41","3","마커스 래시퍼드의 판타지 세계관 명작","","N"
"227","user41","5","마커스 래시퍼드의 마음을 움직인 인생책","","N"
"228","user41","6","마커스 래시퍼드의 지적 호기심을 채운 책","","N"
"229","user41","7","마커스 래시퍼드의 히가시노 게이고 컬렉션","","N"
"230","user42","2","폴 포그바의 SF 입문 명작","","N"
"231","user42","3","폴 포그바의 판타지 세계관 명작","","N"
"232","user42","4","폴 포그바의 추리 미스터리 추천작","","N"
"233","user42","6","폴 포그바의 지적 호기심을 채운 책","","N"
"234","user42","7","폴 포그바의 히가시노 게이고 컬렉션","","N"
"235","user43","1","로멜루 루카쿠의 해리 포터 시리즈","","N"
"236","user43","3","로멜루 루카쿠의 판타지 세계관 명작","","N"
"237","user43","4","로멜루 루카쿠의 추리 미스터리 추천작","","N"
"238","user43","6","로멜루 루카쿠의 지적 호기심을 채운 책","","N"
"239","user43","7","로멜루 루카쿠의 히가시노 게이고 컬렉션","","N"
"240","user44","1","디에고 코스타의 해리 포터 시리즈","","N"
"241","user44","3","디에고 코스타의 판타지 세계관 명작","","N"
"242","user44","4","디에고 코스타의 추리 미스터리 추천작","","N"
"243","user44","6","디에고 코스타의 지적 호기심을 채운 책","","N"
"244","user44","7","디에고 코스타의 히가시노 게이고 컬렉션","","N"
"245","user44","8","디에고 코스타의 박경리 컬렉션","","N"
"246","user45","1","피에르에메릭 오바메양의 해리 포터 시리즈","","N"
"247","user45","3","피에르에메릭 오바메양의 판타지 세계관 명작","","N"
"248","user45","4","피에르에메릭 오바메양의 추리 미스터리 추천작","","N"
"249","user45","5","피에르에메릭 오바메양의 마음을 움직인 인생책","","N"
"250","user45","7","피에르에메릭 오바메양의 히가시노 게이고 컬렉션","","N"
"251","user45","8","피에르에메릭 오바메양의 박경리 컬렉션","","N"
"252","user46","1","알렉시스 산체스의 해리 포터 시리즈","","N"
"253","user46","2","알렉시스 산체스의 SF 입문 명작","","N"
"254","user46","4","알렉시스 산체스의 추리 미스터리 추천작","","N"
"255","user46","5","알렉시스 산체스의 마음을 움직인 인생책","","N"
"256","user46","7","알렉시스 산체스의 히가시노 게이고 컬렉션","","N"
"257","user46","8","알렉시스 산체스의 박경리 컬렉션","","N"
"258","user47","1","메수트 외질의 해리 포터 시리즈","","N"
"259","user47","2","메수트 외질의 SF 입문 명작","","N"
"260","user47","4","메수트 외질의 추리 미스터리 추천작","","N"
"261","user47","5","메수트 외질의 마음을 움직인 인생책","","N"
"262","user47","7","메수트 외질의 히가시노 게이고 컬렉션","","N"
"263","user47","8","메수트 외질의 박경리 컬렉션","","N"
"264","user48","1","산티 카솔라의 해리 포터 시리즈","","N"
"265","user48","2","산티 카솔라의 SF 입문 명작","","N"
"266","user48","4","산티 카솔라의 추리 미스터리 추천작","","N"
"267","user48","5","산티 카솔라의 마음을 움직인 인생책","","N"
"268","user48","6","산티 카솔라의 지적 호기심을 채운 책","","N"
"269","user48","8","산티 카솔라의 박경리 컬렉션","","N"
"270","user49","1","애런 램지의 해리 포터 시리즈","","N"
"271","user49","2","애런 램지의 SF 입문 명작","","N"
"272","user49","3","애런 램지의 판타지 세계관 명작","","N"
"273","user49","5","애런 램지의 마음을 움직인 인생책","","N"
"274","user49","6","애런 램지의 지적 호기심을 채운 책","","N"
"275","user49","8","애런 램지의 박경리 컬렉션","","N"
"276","user50","2","티에리 앙리의 SF 입문 명작","","N"
"277","user50","3","티에리 앙리의 판타지 세계관 명작","","N"
"278","user50","5","티에리 앙리의 마음을 움직인 인생책","","N"
"279","user50","6","티에리 앙리의 지적 호기심을 채운 책","","N"
"280","user50","8","티에리 앙리의 박경리 컬렉션","","N"
"281","user51","2","로베르트 레반도프스키의 SF 입문 명작","","N"
"282","user51","3","로베르트 레반도프스키의 판타지 세계관 명작","","N"
"283","user51","5","로베르트 레반도프스키의 마음을 움직인 인생책","","N"
"284","user51","6","로베르트 레반도프스키의 지적 호기심을 채운 책","","N"
"285","user51","7","로베르트 레반도프스키의 히가시노 게이고 컬렉션","","N"
"286","user52","2","킬리안 음바페의 SF 입문 명작","","N"
"287","user52","3","킬리안 음바페의 판타지 세계관 명작","","N"
"288","user52","4","킬리안 음바페의 추리 미스터리 추천작","","N"
"289","user52","6","킬리안 음바페의 지적 호기심을 채운 책","","N"
"290","user52","7","킬리안 음바페의 히가시노 게이고 컬렉션","","N"
"291","user53","1","네이마르 주니오르의 해리 포터 시리즈","","N"
"292","user53","3","네이마르 주니오르의 판타지 세계관 명작","","N"
"293","user53","4","네이마르 주니오르의 추리 미스터리 추천작","","N"
"294","user53","6","네이마르 주니오르의 지적 호기심을 채운 책","","N"
"295","user53","7","네이마르 주니오르의 히가시노 게이고 컬렉션","","N"
"296","user54","1","루카 모드리치의 해리 포터 시리즈","","N"
"297","user54","3","루카 모드리치의 판타지 세계관 명작","","N"
"298","user54","4","루카 모드리치의 추리 미스터리 추천작","","N"
"299","user54","6","루카 모드리치의 지적 호기심을 채운 책","","N"
"300","user54","7","루카 모드리치의 히가시노 게이고 컬렉션","","N"
"301","user54","8","루카 모드리치의 박경리 컬렉션","","N"
"302","user55","1","카림 벤제마의 해리 포터 시리즈","","N"
"303","user55","3","카림 벤제마의 판타지 세계관 명작","","N"
"304","user55","4","카림 벤제마의 추리 미스터리 추천작","","N"
"305","user55","5","카림 벤제마의 마음을 움직인 인생책","","N"
"306","user55","7","카림 벤제마의 히가시노 게이고 컬렉션","","N"
"307","user55","8","카림 벤제마의 박경리 컬렉션","","N"
"308","user56","1","토니 크로스의 해리 포터 시리즈","","N"
"309","user56","2","토니 크로스의 SF 입문 명작","","N"
"310","user56","4","토니 크로스의 추리 미스터리 추천작","","N"
"311","user56","5","토니 크로스의 마음을 움직인 인생책","","N"
"312","user56","7","토니 크로스의 히가시노 게이고 컬렉션","","N"
"313","user56","8","토니 크로스의 박경리 컬렉션","","N"
"314","user57","1","안드레스 이니에스타의 해리 포터 시리즈","","N"
"315","user57","2","안드레스 이니에스타의 SF 입문 명작","","N"
"316","user57","4","안드레스 이니에스타의 추리 미스터리 추천작","","N"
"317","user57","5","안드레스 이니에스타의 마음을 움직인 인생책","","N"
"318","user57","7","안드레스 이니에스타의 히가시노 게이고 컬렉션","","N"
"319","user57","8","안드레스 이니에스타의 박경리 컬렉션","","N"
"320","user58","1","사비 에르난데스의 해리 포터 시리즈","","N"
"321","user58","2","사비 에르난데스의 SF 입문 명작","","N"
"322","user58","4","사비 에르난데스의 추리 미스터리 추천작","","N"
"323","user58","5","사비 에르난데스의 마음을 움직인 인생책","","N"
"324","user58","6","사비 에르난데스의 지적 호기심을 채운 책","","N"
"325","user58","8","사비 에르난데스의 박경리 컬렉션","","N"
"326","user59","1","세르히오 라모스의 해리 포터 시리즈","","N"
"327","user59","2","세르히오 라모스의 SF 입문 명작","","N"
"328","user59","3","세르히오 라모스의 판타지 세계관 명작","","N"
"329","user59","5","세르히오 라모스의 마음을 움직인 인생책","","N"
"330","user59","6","세르히오 라모스의 지적 호기심을 채운 책","","N"
"331","user59","8","세르히오 라모스의 박경리 컬렉션","","N"
"332","user60","2","마누엘 노이어의 SF 입문 명작","","N"
"333","user60","3","마누엘 노이어의 판타지 세계관 명작","","N"
"334","user60","5","마누엘 노이어의 마음을 움직인 인생책","","N"
"335","user60","6","마누엘 노이어의 지적 호기심을 채운 책","","N"
"336","user60","8","마누엘 노이어의 박경리 컬렉션","","N"
"337","user61","2","즐라탄 이브라히모비치의 SF 입문 명작","","N"
"338","user61","3","즐라탄 이브라히모비치의 판타지 세계관 명작","","N"
"339","user61","5","즐라탄 이브라히모비치의 마음을 움직인 인생책","","N"
"340","user61","6","즐라탄 이브라히모비치의 지적 호기심을 채운 책","","N"
"341","user61","7","즐라탄 이브라히모비치의 히가시노 게이고 컬렉션","","N"
"342","user62","2","앙투안 그리즈만의 SF 입문 명작","","N"
"343","user62","3","앙투안 그리즈만의 판타지 세계관 명작","","N"
"344","user62","4","앙투안 그리즈만의 추리 미스터리 추천작","","N"
"345","user62","6","앙투안 그리즈만의 지적 호기심을 채운 책","","N"
"346","user62","7","앙투안 그리즈만의 히가시노 게이고 컬렉션","","N"
"347","user63","1","토마스 뮐러의 해리 포터 시리즈","","N"
"348","user63","3","토마스 뮐러의 판타지 세계관 명작","","N"
"349","user63","4","토마스 뮐러의 추리 미스터리 추천작","","N"
"350","user63","6","토마스 뮐러의 지적 호기심을 채운 책","","N"
"351","user63","7","토마스 뮐러의 히가시노 게이고 컬렉션","","N"
"352","user64","1","아르연 로번의 해리 포터 시리즈","","N"
"353","user64","3","아르연 로번의 판타지 세계관 명작","","N"
"354","user64","4","아르연 로번의 추리 미스터리 추천작","","N"
"355","user64","6","아르연 로번의 지적 호기심을 채운 책","","N"
"356","user64","7","아르연 로번의 히가시노 게이고 컬렉션","","N"
"357","user64","8","아르연 로번의 박경리 컬렉션","","N"
"358","user65","1","프랑크 리베리의 해리 포터 시리즈","","N"
"359","user65","3","프랑크 리베리의 판타지 세계관 명작","","N"
"360","user65","4","프랑크 리베리의 추리 미스터리 추천작","","N"
"361","user65","5","프랑크 리베리의 마음을 움직인 인생책","","N"
"362","user65","7","프랑크 리베리의 히가시노 게이고 컬렉션","","N"
"363","user65","8","프랑크 리베리의 박경리 컬렉션","","N"
"364","user66","1","앙헬 디마리아의 해리 포터 시리즈","","N"
"365","user66","2","앙헬 디마리아의 SF 입문 명작","","N"
"366","user66","4","앙헬 디마리아의 추리 미스터리 추천작","","N"
"367","user66","5","앙헬 디마리아의 마음을 움직인 인생책","","N"
"368","user66","7","앙헬 디마리아의 히가시노 게이고 컬렉션","","N"
"369","user66","8","앙헬 디마리아의 박경리 컬렉션","","N"
"370","user67","1","에딘손 카바니의 해리 포터 시리즈","","N"
"371","user67","2","에딘손 카바니의 SF 입문 명작","","N"
"372","user67","4","에딘손 카바니의 추리 미스터리 추천작","","N"
"373","user67","5","에딘손 카바니의 마음을 움직인 인생책","","N"
"374","user67","7","에딘손 카바니의 히가시노 게이고 컬렉션","","N"
"375","user67","8","에딘손 카바니의 박경리 컬렉션","","N"
"376","user68","1","라다멜 팔카오의 해리 포터 시리즈","","N"
"377","user68","2","라다멜 팔카오의 SF 입문 명작","","N"
"378","user68","4","라다멜 팔카오의 추리 미스터리 추천작","","N"
"379","user68","5","라다멜 팔카오의 마음을 움직인 인생책","","N"
"380","user68","6","라다멜 팔카오의 지적 호기심을 채운 책","","N"
"381","user68","8","라다멜 팔카오의 박경리 컬렉션","","N"
"382","user69","1","후안 마타의 해리 포터 시리즈","","N"
"383","user69","2","후안 마타의 SF 입문 명작","","N"
"384","user69","3","후안 마타의 판타지 세계관 명작","","N"
"385","user69","5","후안 마타의 마음을 움직인 인생책","","N"
"386","user69","6","후안 마타의 지적 호기심을 채운 책","","N"
"387","user69","8","후안 마타의 박경리 컬렉션","","N"
"388","user70","2","크리스티안 에릭센의 SF 입문 명작","","N"
"389","user70","3","크리스티안 에릭센의 판타지 세계관 명작","","N"
"390","user70","5","크리스티안 에릭센의 마음을 움직인 인생책","","N"
"391","user70","6","크리스티안 에릭센의 지적 호기심을 채운 책","","N"
"392","user70","8","크리스티안 에릭센의 박경리 컬렉션","","N"
"393","user71","2","델레 알리의 SF 입문 명작","","N"
"394","user71","3","델레 알리의 판타지 세계관 명작","","N"
"395","user71","5","델레 알리의 마음을 움직인 인생책","","N"
"396","user71","6","델레 알리의 지적 호기심을 채운 책","","N"
"397","user71","7","델레 알리의 히가시노 게이고 컬렉션","","N"
"398","user72","2","카일 워커의 SF 입문 명작","","N"
"399","user72","3","카일 워커의 판타지 세계관 명작","","N"
"400","user72","4","카일 워커의 추리 미스터리 추천작","","N"
"401","user72","6","카일 워커의 지적 호기심을 채운 책","","N"
"402","user72","7","카일 워커의 히가시노 게이고 컬렉션","","N"
"403","user73","1","트렌트 알렉산더아놀드의 해리 포터 시리즈","","N"
"404","user73","3","트렌트 알렉산더아놀드의 판타지 세계관 명작","","N"
"405","user73","4","트렌트 알렉산더아놀드의 추리 미스터리 추천작","","N"
"406","user73","6","트렌트 알렉산더아놀드의 지적 호기심을 채운 책","","N"
"407","user73","7","트렌트 알렉산더아놀드의 히가시노 게이고 컬렉션","","N"
"408","user74","1","앤드루 로버트슨의 해리 포터 시리즈","","N"
"409","user74","3","앤드루 로버트슨의 판타지 세계관 명작","","N"
"410","user74","4","앤드루 로버트슨의 추리 미스터리 추천작","","N"
"411","user74","6","앤드루 로버트슨의 지적 호기심을 채운 책","","N"
"412","user74","7","앤드루 로버트슨의 히가시노 게이고 컬렉션","","N"
"413","user74","8","앤드루 로버트슨의 박경리 컬렉션","","N"
"414","user75","1","후벵 디아스의 해리 포터 시리즈","","N"
"415","user75","3","후벵 디아스의 판타지 세계관 명작","","N"
"416","user75","4","후벵 디아스의 추리 미스터리 추천작","","N"
"417","user75","5","후벵 디아스의 마음을 움직인 인생책","","N"
"418","user75","7","후벵 디아스의 히가시노 게이고 컬렉션","","N"
"419","user75","8","후벵 디아스의 박경리 컬렉션","","N"
"420","user76","1","존 스톤스의 해리 포터 시리즈","","N"
"421","user76","2","존 스톤스의 SF 입문 명작","","N"
"422","user76","4","존 스톤스의 추리 미스터리 추천작","","N"
"423","user76","5","존 스톤스의 마음을 움직인 인생책","","N"
"424","user76","7","존 스톤스의 히가시노 게이고 컬렉션","","N"
"425","user76","8","존 스톤스의 박경리 컬렉션","","N"
"426","user77","1","해리 매과이어의 해리 포터 시리즈","","N"
"427","user77","2","해리 매과이어의 SF 입문 명작","","N"
"428","user77","4","해리 매과이어의 추리 미스터리 추천작","","N"
"429","user77","5","해리 매과이어의 마음을 움직인 인생책","","N"
"430","user77","7","해리 매과이어의 히가시노 게이고 컬렉션","","N"
"431","user77","8","해리 매과이어의 박경리 컬렉션","","N"
"432","user78","1","네마냐 비디치의 해리 포터 시리즈","","N"
"433","user78","2","네마냐 비디치의 SF 입문 명작","","N"
"434","user78","4","네마냐 비디치의 추리 미스터리 추천작","","N"
"435","user78","5","네마냐 비디치의 마음을 움직인 인생책","","N"
"436","user78","6","네마냐 비디치의 지적 호기심을 채운 책","","N"
"437","user78","8","네마냐 비디치의 박경리 컬렉션","","N"
"438","user79","1","뱅상 콩파니의 해리 포터 시리즈","","N"
"439","user79","2","뱅상 콩파니의 SF 입문 명작","","N"
"440","user79","3","뱅상 콩파니의 판타지 세계관 명작","","N"
"441","user79","5","뱅상 콩파니의 마음을 움직인 인생책","","N"
"442","user79","6","뱅상 콩파니의 지적 호기심을 채운 책","","N"
"443","user79","8","뱅상 콩파니의 박경리 컬렉션","","N"
"444","user80","2","파트리크 비에이라의 SF 입문 명작","","N"
"445","user80","3","파트리크 비에이라의 판타지 세계관 명작","","N"
"446","user80","5","파트리크 비에이라의 마음을 움직인 인생책","","N"
"447","user80","6","파트리크 비에이라의 지적 호기심을 채운 책","","N"
"448","user80","8","파트리크 비에이라의 박경리 컬렉션","","N"
"449","user81","2","마이클 캐릭의 SF 입문 명작","","N"
"450","user81","3","마이클 캐릭의 판타지 세계관 명작","","N"
"451","user81","5","마이클 캐릭의 마음을 움직인 인생책","","N"
"452","user81","6","마이클 캐릭의 지적 호기심을 채운 책","","N"
"453","user81","7","마이클 캐릭의 히가시노 게이고 컬렉션","","N"
"454","user82","2","파트리스 에브라의 SF 입문 명작","","N"
"455","user82","3","파트리스 에브라의 판타지 세계관 명작","","N"
"456","user82","4","파트리스 에브라의 추리 미스터리 추천작","","N"
"457","user82","6","파트리스 에브라의 지적 호기심을 채운 책","","N"
"458","user82","7","파트리스 에브라의 히가시노 게이고 컬렉션","","N"
"459","user83","1","애슐리 콜의 해리 포터 시리즈","","N"
"460","user83","3","애슐리 콜의 판타지 세계관 명작","","N"
"461","user83","4","애슐리 콜의 추리 미스터리 추천작","","N"
"462","user83","6","애슐리 콜의 지적 호기심을 채운 책","","N"
"463","user83","7","애슐리 콜의 히가시노 게이고 컬렉션","","N"
"464","user84","1","제임스 밀너의 해리 포터 시리즈","","N"
"465","user84","3","제임스 밀너의 판타지 세계관 명작","","N"
"466","user84","4","제임스 밀너의 추리 미스터리 추천작","","N"
"467","user84","6","제임스 밀너의 지적 호기심을 채운 책","","N"
"468","user84","7","제임스 밀너의 히가시노 게이고 컬렉션","","N"
"469","user84","8","제임스 밀너의 박경리 컬렉션","","N"
"470","user85","1","조던 헨더슨의 해리 포터 시리즈","","N"
"471","user85","3","조던 헨더슨의 판타지 세계관 명작","","N"
"472","user85","4","조던 헨더슨의 추리 미스터리 추천작","","N"
"473","user85","5","조던 헨더슨의 마음을 움직인 인생책","","N"
"474","user85","7","조던 헨더슨의 히가시노 게이고 컬렉션","","N"
"475","user85","8","조던 헨더슨의 박경리 컬렉션","","N"
"476","user86","1","일카이 귄도안의 해리 포터 시리즈","","N"
"477","user86","2","일카이 귄도안의 SF 입문 명작","","N"
"478","user86","4","일카이 귄도안의 추리 미스터리 추천작","","N"
"479","user86","5","일카이 귄도안의 마음을 움직인 인생책","","N"
"480","user86","7","일카이 귄도안의 히가시노 게이고 컬렉션","","N"
"481","user86","8","일카이 귄도안의 박경리 컬렉션","","N"
"482","user87","1","호베르투 피르미누의 해리 포터 시리즈","","N"
"483","user87","2","호베르투 피르미누의 SF 입문 명작","","N"
"484","user87","4","호베르투 피르미누의 추리 미스터리 추천작","","N"
"485","user87","5","호베르투 피르미누의 마음을 움직인 인생책","","N"
"486","user87","7","호베르투 피르미누의 히가시노 게이고 컬렉션","","N"
"487","user87","8","호베르투 피르미누의 박경리 컬렉션","","N"
"488","user88","1","필리페 쿠티뉴의 해리 포터 시리즈","","N"
"489","user88","2","필리페 쿠티뉴의 SF 입문 명작","","N"
"490","user88","4","필리페 쿠티뉴의 추리 미스터리 추천작","","N"
"491","user88","5","필리페 쿠티뉴의 마음을 움직인 인생책","","N"
"492","user88","6","필리페 쿠티뉴의 지적 호기심을 채운 책","","N"
"493","user88","8","필리페 쿠티뉴의 박경리 컬렉션","","N"
"494","user89","1","디보크 오리기의 해리 포터 시리즈","","N"
"495","user89","2","디보크 오리기의 SF 입문 명작","","N"
"496","user89","3","디보크 오리기의 판타지 세계관 명작","","N"
"497","user89","5","디보크 오리기의 마음을 움직인 인생책","","N"
"498","user89","6","디보크 오리기의 지적 호기심을 채운 책","","N"
"499","user89","8","디보크 오리기의 박경리 컬렉션","","N"
"500","user90","2","잭 그릴리시의 SF 입문 명작","","N"
"501","user90","3","잭 그릴리시의 판타지 세계관 명작","","N"
"502","user90","5","잭 그릴리시의 마음을 움직인 인생책","","N"
"503","user90","6","잭 그릴리시의 지적 호기심을 채운 책","","N"
"504","user90","8","잭 그릴리시의 박경리 컬렉션","","N"
"505","user91","2","올리 왓킨스의 SF 입문 명작","","N"
"506","user91","3","올리 왓킨스의 판타지 세계관 명작","","N"
"507","user91","5","올리 왓킨스의 마음을 움직인 인생책","","N"
"508","user91","6","올리 왓킨스의 지적 호기심을 채운 책","","N"
"509","user91","7","올리 왓킨스의 히가시노 게이고 컬렉션","","N"
"510","user92","2","알렉산데르 이사크의 SF 입문 명작","","N"
"511","user92","3","알렉산데르 이사크의 판타지 세계관 명작","","N"
"512","user92","4","알렉산데르 이사크의 추리 미스터리 추천작","","N"
"513","user92","6","알렉산데르 이사크의 지적 호기심을 채운 책","","N"
"514","user92","7","알렉산데르 이사크의 히가시노 게이고 컬렉션","","N"
"515","user93","1","브루누 기마랑이스의 해리 포터 시리즈","","N"
"516","user93","3","브루누 기마랑이스의 판타지 세계관 명작","","N"
"517","user93","4","브루누 기마랑이스의 추리 미스터리 추천작","","N"
"518","user93","6","브루누 기마랑이스의 지적 호기심을 채운 책","","N"
"519","user93","7","브루누 기마랑이스의 히가시노 게이고 컬렉션","","N"
"520","user94","1","윌프리드 자하의 해리 포터 시리즈","","N"
"521","user94","3","윌프리드 자하의 판타지 세계관 명작","","N"
"522","user94","4","윌프리드 자하의 추리 미스터리 추천작","","N"
"523","user94","6","윌프리드 자하의 지적 호기심을 채운 책","","N"
"524","user94","7","윌프리드 자하의 히가시노 게이고 컬렉션","","N"
"525","user94","8","윌프리드 자하의 박경리 컬렉션","","N"
"526","user95","1","디미트리 파예의 해리 포터 시리즈","","N"
"527","user95","3","디미트리 파예의 판타지 세계관 명작","","N"
"528","user95","4","디미트리 파예의 추리 미스터리 추천작","","N"
"529","user95","5","디미트리 파예의 마음을 움직인 인생책","","N"
"530","user95","7","디미트리 파예의 히가시노 게이고 컬렉션","","N"
"531","user95","8","디미트리 파예의 박경리 컬렉션","","N"
"532","user96","1","레이턴 베인스의 해리 포터 시리즈","","N"
"533","user96","2","레이턴 베인스의 SF 입문 명작","","N"
"534","user96","4","레이턴 베인스의 추리 미스터리 추천작","","N"
"535","user96","5","레이턴 베인스의 마음을 움직인 인생책","","N"
"536","user96","7","레이턴 베인스의 히가시노 게이고 컬렉션","","N"
"537","user96","8","레이턴 베인스의 박경리 컬렉션","","N"
"538","user97","1","저메인 데포의 해리 포터 시리즈","","N"
"539","user97","2","저메인 데포의 SF 입문 명작","","N"
"540","user97","4","저메인 데포의 추리 미스터리 추천작","","N"
"541","user97","5","저메인 데포의 마음을 움직인 인생책","","N"
"542","user97","7","저메인 데포의 히가시노 게이고 컬렉션","","N"
"543","user97","8","저메인 데포의 박경리 컬렉션","","N"
"544","user98","1","피터 크라우치의 해리 포터 시리즈","","N"
"545","user98","2","피터 크라우치의 SF 입문 명작","","N"
"546","user98","4","피터 크라우치의 추리 미스터리 추천작","","N"
"547","user98","5","피터 크라우치의 마음을 움직인 인생책","","N"
"548","user98","6","피터 크라우치의 지적 호기심을 채운 책","","N"
"549","user98","8","피터 크라우치의 박경리 컬렉션","","N"
"550","user99","1","마이클 오언의 해리 포터 시리즈","","N"
"551","user99","2","마이클 오언의 SF 입문 명작","","N"
"552","user99","3","마이클 오언의 판타지 세계관 명작","","N"
"553","user99","5","마이클 오언의 마음을 움직인 인생책","","N"
"554","user99","6","마이클 오언의 지적 호기심을 채운 책","","N"
"555","user99","8","마이클 오언의 박경리 컬렉션","","N"
"556","user100","2","앨런 시어러의 SF 입문 명작","","N"
"557","user100","3","앨런 시어러의 판타지 세계관 명작","","N"
"558","user100","5","앨런 시어러의 마음을 움직인 인생책","","N"
"559","user100","6","앨런 시어러의 지적 호기심을 채운 책","","N"
"560","user100","8","앨런 시어러의 박경리 컬렉션","","N"
